Cost Analysis Breakdown,,,
,,,
Generation Type ,Question Generation,Answer Generation,Feedback Generation
Context Tokens,3000,600,600
Output Tokens,300,300,300
Question Tokens,NA,100,100
Response Tokens,NA,NA,300
Token Price Category,600,600,600
History Tokens,100,NA,NA
Token Calculation,3000 + 600 + 500,600 + 100 + 600,600 + 300 + 100 + 600
Total Tokens,4100,1300,1600
,,,
,,,
Description,,Calculation,
Tokens per set,,4100 + 5 * 1300 + 5 * 1600,
Price per set,, $0.018 ,
Sets per month,,30,
Cost per user per month ,, $0.02 * 30 ,
Total Cost per User,, $0.6 ,
Toral Cost Estimate (200 Users),, $0.6 * 200 ,